word,length,velocity_x,velocity_y,author
мои,0.15000000000000013,29.166666666666668,14.583333333333332,Sergey Nemchinskiy
дорогие,0.32999999999999985,32.98611111111111,23.958333333333336,Sergey Nemchinskiy
меня,0.20999999999999996,81.77083333333334,62.5,Sergey Nemchinskiy
меня,0.14999999999999858,35.416666666666664,27.083333333333336,Sergey Nemchinskiy
меня,0.17999999999994998,35.41666666666667,13.888888888888893,Sergey Nemchinskiy
как,0.15000000000000013,27.083333333333332,64.58333333333334,Sergey Nemchinskiy
как,0.14999999999999858,13.541666666666666,20.833333333333332,Sergey Nemchinskiy
как,0.12509799999997995,9.375,21.875,Sergey Nemchinskiy
как,0.18000000000000682,11.805555555555554,9.722222222222223,Sergey Nemchinskiy
как,0.15000000000009095,6.25,11.458333333333334,Sergey Nemchinskiy
как,0.14999999999997726,11.458333333333334,11.458333333333334,Sergey Nemchinskiy
обычно,0.3900000000000001,24.739583333333332,38.80208333333333,Sergey Nemchinskiy
зовут,0.17999999999999972,25.694444444444443,21.52777777777778,Sergey Nemchinskiy
сергей,0.30000000000000027,7.5,29.583333333333332,Sergey Nemchinskiy
ним,0.1499999999999999,12.5,55.20833333333333,Sergey Nemchinskiy
вы,0.11181900000000011,12.5,56.25,Sergey Nemchinskiy
вы,0.12000000000000455,14.583333333333334,12.5,Sergey Nemchinskiy
зашли,0.2699999999999996,17.5,33.333333333333336,Sergey Nemchinskiy
на,0.0600000000000005,-0.0,-0.0,Sergey Nemchinskiy
на,0.060000000000002274,-0.0,-0.0,Sergey Nemchinskiy
на,0.20999999999999375,9.027777777777777,25.0,Sergey Nemchinskiy
на,0.12000000000000455,14.583333333333334,39.58333333333333,Sergey Nemchinskiy
на,0.15000000000000568,34.375,20.833333333333332,Sergey Nemchinskiy
на,0.14999999999997726,9.375,7.291666666666667,Sergey Nemchinskiy
на,0.16491200000001527,8.333333333333334,12.5,Sergey Nemchinskiy
на,0.12000000000000455,45.83333333333333,43.75,Sergey Nemchinskiy
на,0.12000000000000455,18.75,10.416666666666668,Sergey Nemchinskiy
на,0.12000000000000455,18.75,10.416666666666668,Sergey Nemchinskiy
на,0.14999999999997726,12.5,16.666666666666664,Sergey Nemchinskiy
этот,0.1200000000000001,14.583333333333334,22.916666666666664,Sergey Nemchinskiy
канал,0.2999999999999998,11.458333333333332,18.402777777777775,Sergey Nemchinskiy
канал,0.2699999999999818,9.166666666666666,15.416666666666664,Sergey Nemchinskiy
наверное,0.3899999999999997,11.60714285714286,17.261904761904763,Sergey Nemchinskiy
даже,0.2400000000000002,9.895833333333334,50.520833333333336,Sergey Nemchinskiy
даже,0.23288799999999554,13.020833333333334,19.791666666666664,Sergey Nemchinskiy
даже,0.4800000000000182,9.166666666666668,11.666666666666666,Sergey Nemchinskiy
программе,0.35999999999999943,12.5,16.964285714285715,Sergey Nemchinskiy
с,0.03000000000000025,-0.0,-0.0,Sergey Nemchinskiy
с,0.12000000000000455,14.583333333333334,47.91666666666667,Sergey Nemchinskiy
огромным,0.3899999999999997,9.895833333333334,10.416666666666668,Sergey Nemchinskiy
стажем,0.39000000000000057,6.510416666666666,18.229166666666668,Sergey Nemchinskiy
и,0.6300000000000008,12.5,37.94642857142857,Sergey Nemchinskiy
и,0.02999999999999936,-0.0,-0.0,Sergey Nemchinskiy
и,0.11999999999997613,12.5,45.83333333333333,Sergey Nemchinskiy
и,0.30000000000001137,16.666666666666668,45.83333333333333,Sergey Nemchinskiy
и,0.060000000000002274,-0.0,-0.0,Sergey Nemchinskiy
и,0.29999999999998295,7.291666666666667,13.194444444444445,Sergey Nemchinskiy
и,0.3300000000000409,6.597222222222222,10.069444444444443,Sergey Nemchinskiy
и,0.660000000000025,74.70238095238095,35.11904761904761,Sergey Nemchinskiy
и,0.75,30.637254901960777,12.622549019607842,Sergey Nemchinskiy
и,0.15310499999998228,54.166666666666664,44.791666666666664,Sergey Nemchinskiy
и,0.13025399999997944,11.458333333333334,8.333333333333332,Sergey Nemchinskiy
и,0.18000000000000682,10.416666666666666,15.625,Sergey Nemchinskiy
и,0.029999999999972715,-0.0,-0.0,Sergey Nemchinskiy
и,0.18000000000000682,10.416666666666668,5.555555555555555,Sergey Nemchinskiy
и,0.12000000000000455,2.083333333333333,12.5,Sergey Nemchinskiy
и,0.1199999999999477,10.416666666666668,22.916666666666664,Sergey Nemchinskiy
и,0.06000000000005912,-0.0,-0.0,Sergey Nemchinskiy
и,0.030000000000086402,-0.0,-0.0,Sergey Nemchinskiy
и,0.3300000000000409,19.09722222222222,12.5,Sergey Nemchinskiy
и,0.8400000000000318,5.372807017543859,8.223684210526317,Sergey Nemchinskiy
и,0.2699999999999818,7.083333333333333,13.750000000000002,Sergey Nemchinskiy
помимо,0.39000000000000057,14.583333333333334,28.90625,Sergey Nemchinskiy
помимо,0.4199999999999875,14.0625,14.322916666666666,Sergey Nemchinskiy
этого,0.20999999999999908,6.944444444444444,30.555555555555554,Sergey Nemchinskiy
программистов,0.5700000000000003,23.78472222222222,37.326388888888886,Sergey Nemchinskiy
других,0.33000000000000007,11.11111111111111,34.375,Sergey Nemchinskiy
других,0.30000000000000426,16.319444444444446,15.625,Sergey Nemchinskiy
других,0.480000000000004,97.29166666666667,28.125,Sergey Nemchinskiy
других,0.27000000000001023,16.145833333333336,23.958333333333332,Sergey Nemchinskiy
других,0.3300000000000125,10.416666666666668,9.027777777777777,Sergey Nemchinskiy
других,0.3299999999999841,7.986111111111111,15.277777777777779,Sergey Nemchinskiy
людей,0.33000000000000007,9.375,34.37499999999999,Sergey Nemchinskiy
ссылочки,0.3899999999999988,16.145833333333332,23.437500000000004,Sergey Nemchinskiy
подведёт,0.45000000000000107,9.953703703703704,36.342592592592595,Sergey Nemchinskiy
потому,0.2699999999999996,21.25,34.166666666666664,Sergey Nemchinskiy
потому,0.202998000000008,33.33333333333333,9.722222222222223,Sergey Nemchinskiy
потому,0.27000000000003865,9.375,14.583333333333332,Sergey Nemchinskiy
потому,0.2400000000000091,14.0625,10.9375,Sergey Nemchinskiy
потому,0.2099999999999227,10.9375,48.4375,Sergey Nemchinskiy
потому,0.2699999999999818,11.666666666666666,11.25,Sergey Nemchinskiy
что,0.21000000000000085,13.88888888888889,29.86111111111111,Sergey Nemchinskiy
что,0.23999999999999844,13.020833333333334,52.083333333333336,Sergey Nemchinskiy
что,0.17999999999999972,35.416666666666664,33.33333333333333,Sergey Nemchinskiy
что,0.15000000000000568,8.333333333333332,22.916666666666664,Sergey Nemchinskiy
что,0.1510990000000021,17.708333333333332,35.416666666666664,Sergey Nemchinskiy
что,0.14999999999999147,26.041666666666668,17.708333333333332,Sergey Nemchinskiy
что,0.38999999999998636,17.1875,23.697916666666664,Sergey Nemchinskiy
что,0.15000000000000568,7.291666666666666,9.375,Sergey Nemchinskiy
что,0.21000000000003638,11.979166666666666,17.1875,Sergey Nemchinskiy
что,0.20999999999997954,12.5,18.75,Sergey Nemchinskiy
что,0.14999999999997726,8.333333333333334,13.541666666666666,Sergey Nemchinskiy
что,0.20999999999997954,10.416666666666668,10.9375,Sergey Nemchinskiy
что,0.18000000000000682,4.166666666666666,5.208333333333333,Sergey Nemchinskiy
что,0.3300000000000409,30.902777777777775,29.86111111111111,Sergey Nemchinskiy
что,0.2355760000000373,6.25,6.770833333333333,Sergey Nemchinskiy
что,0.12000000000000455,4.166666666666666,8.333333333333332,Sergey Nemchinskiy
что,0.12000000000000455,12.5,10.416666666666668,Sergey Nemchinskiy
что,0.09000000000003183,27.083333333333332,8.333333333333332,Sergey Nemchinskiy
что,0.17999999999994998,9.027777777777777,12.499999999999998,Sergey Nemchinskiy
что,0.21000000000003638,18.75,14.583333333333334,Sergey Nemchinskiy
что,0.17999999999994998,8.333333333333332,29.86111111111111,Sergey Nemchinskiy
что,0.4800000000000182,4.166666666666667,6.666666666666668,Sergey Nemchinskiy
что,0.36000000000001364,6.547619047619048,8.035714285714286,Sergey Nemchinskiy
вопросов,0.4499999999999993,10.185185185185187,9.722222222222221,Sergey Nemchinskiy
дикое,0.3000000000000007,10.416666666666668,16.666666666666664,Sergey Nemchinskiy
количество,0.6900000000000013,11.527777777777779,27.361111111111114,Sergey Nemchinskiy
количество,0.4500000000000455,12.5,7.175925925925925,Sergey Nemchinskiy
это,0.33000000000000185,13.69047619047619,47.32142857142857,Sergey Nemchinskiy
это,0.35999999999999943,13.095238095238097,23.214285714285715,Sergey Nemchinskiy
это,0.1799999999999926,4.166666666666666,19.444444444444443,Sergey Nemchinskiy
это,0.18000000000000682,26.041666666666668,14.583333333333334,Sergey Nemchinskiy
это,0.4199999999999875,42.361111111111114,36.80555555555556,Sergey Nemchinskiy
это,0.3299999999999841,18.055555555555554,17.708333333333336,Sergey Nemchinskiy
это,0.1500000000000341,0.0,26.041666666666668,Sergey Nemchinskiy
это,0.2400000000000091,32.8125,34.375,Sergey Nemchinskiy
это,0.30000000000001137,7.291666666666667,11.805555555555554,Sergey Nemchinskiy
это,0.18000000000000682,8.333333333333334,20.833333333333332,Sergey Nemchinskiy
это,0.12123000000008233,60.416666666666664,31.25,Sergey Nemchinskiy
это,0.14999999999997726,47.916666666666664,6.25,Sergey Nemchinskiy
видео,0.33000000000000185,17.55952380952381,31.845238095238095,Sergey Nemchinskiy
видео,0.3000000000000682,15.277777777777777,22.222222222222225,Sergey Nemchinskiy
про,0.17999999999999972,67.70833333333333,29.166666666666664,Sergey Nemchinskiy
про,0.15000000000000213,25.0,50.0,Sergey Nemchinskiy
про,0.14604500000001508,9.375,30.208333333333336,Sergey Nemchinskiy
то,0.14999999999999858,78.125,54.166666666666664,Sergey Nemchinskiy
то,0.14999999999997726,27.083333333333332,12.5,Sergey Nemchinskiy
то,0.12000000000000455,25.0,43.75,Sergey Nemchinskiy
я,0.15000000000000213,10.416666666666668,10.416666666666668,Sergey Nemchinskiy
я,0.14999999999999858,14.583333333333332,20.833333333333336,Sergey Nemchinskiy
я,0.12000000000000455,4.166666666666666,37.5,Sergey Nemchinskiy
я,0.27000000000001023,48.74999999999999,44.58333333333334,Sergey Nemchinskiy
я,0.12000000000000455,18.75,12.5,Sergey Nemchinskiy
я,0.11780299999998078,4.166666666666666,4.166666666666666,Sergey Nemchinskiy
я,0.1537789999999859,7.291666666666666,21.875,Sergey Nemchinskiy
я,0.12000000000000455,16.666666666666664,14.583333333333334,Sergey Nemchinskiy
я,0.12000000000000455,60.416666666666664,60.416666666666664,Sergey Nemchinskiy
я,0.14999999999997726,16.666666666666664,8.333333333333332,Sergey Nemchinskiy
я,0.12000000000000455,8.333333333333332,8.333333333333332,Sergey Nemchinskiy
думаю,0.2699999999999996,13.750000000000002,33.75,Sergey Nemchinskiy
думаю,0.4799999999999969,21.458333333333336,58.12500000000001,Sergey Nemchinskiy
думаю,0.3299999999999983,10.069444444444443,13.888888888888888,Sergey Nemchinskiy
немножко,0.5700000000000003,8.854166666666668,46.70138888888889,Sergey Nemchinskiy
попугаем,0.5100000000000016,13.750000000000002,47.50000000000001,Sergey Nemchinskiy
погнали,0.4800000000000004,20.625,17.291666666666668,Sergey Nemchinskiy
вопросы,0.4200000000000017,58.33333333333333,75.69444444444443,Sergey Nemchinskiy
которые,0.23999999999999844,40.10416666666667,55.208333333333336,Sergey Nemchinskiy
которые,0.269999999999996,15.0,49.58333333333333,Sergey Nemchinskiy
которые,0.269999999999996,14.166666666666666,28.749999999999996,Sergey Nemchinskiy
которые,0.3299999999999983,11.111111111111112,12.847222222222223,Sergey Nemchinskiy
которые,0.2999999999999545,10.833333333333332,19.166666666666668,Sergey Nemchinskiy
которые,0.2699999999999818,26.041666666666664,9.895833333333332,Sergey Nemchinskiy
которые,0.2699999999999818,9.166666666666666,22.083333333333336,Sergey Nemchinskiy
которые,0.3300000000000409,18.40277777777778,8.680555555555554,Sergey Nemchinskiy
которые,0.3300000000000409,11.011904761904761,21.13095238095238,Sergey Nemchinskiy
пайтон,0.35999999999999943,9.821428571428571,17.857142857142858,Sergey Nemchinskiy
пайтон,0.4800000000000182,12.291666666666668,10.0,Sergey Nemchinskiy
большинстве,0.508154999999995,10.625000000000002,25.83333333333333,Sergey Nemchinskiy
большинстве,0.44999999999998863,11.342592592592595,18.749999999999996,Sergey Nemchinskiy
случаев,0.44999999999999574,15.046296296296296,36.80555555555556,Sergey Nemchinskiy
случаев,0.4200000000000159,7.870370370370369,11.574074074074073,Sergey Nemchinskiy
сводятся,0.5399999999999991,20.454545454545457,20.833333333333336,Sergey Nemchinskiy
к,0.39000000000000057,15.364583333333334,13.802083333333334,Sergey Nemchinskiy
к,0.06000000000005912,-0.0,-0.0,Sergey Nemchinskiy
к,0.06000000000005912,-0.0,-0.0,Sergey Nemchinskiy
а,0.36000000000001364,7.142857142857142,9.226190476190476,Sergey Nemchinskiy
а,0.029999999999972715,-0.0,-0.0,Sergey Nemchinskiy
думаете,0.3513019999999969,15.476190476190474,10.416666666666668,Sergey Nemchinskiy
не,0.15000000000000568,10.416666666666666,15.625,Sergey Nemchinskiy
не,0.30000000000001137,12.152777777777779,32.63888888888889,Sergey Nemchinskiy
не,0.18000000000000682,26.38888888888889,78.47222222222223,Sergey Nemchinskiy
не,0.09000000000000341,31.25,14.583333333333334,Sergey Nemchinskiy
не,0.14768600000002152,62.5,10.416666666666668,Sergey Nemchinskiy
не,0.12000000000000455,2.083333333333333,8.333333333333332,Sergey Nemchinskiy
не,0.14999999999997726,17.708333333333336,18.75,Sergey Nemchinskiy
не,0.3599999999999568,22.321428571428577,8.035714285714286,Sergey Nemchinskiy
не,0.3599999999999568,6.845238095238096,12.79761904761905,Sergey Nemchinskiy
не,0.12000000000000455,10.416666666666668,29.166666666666668,Sergey Nemchinskiy
не,0.12000000000000455,54.166666666666664,20.833333333333336,Sergey Nemchinskiy
не,0.15685500000006414,6.25,4.166666666666666,Sergey Nemchinskiy
не,0.12000000000000455,8.333333333333332,14.583333333333334,Sergey Nemchinskiy
не,0.12000000000000455,16.666666666666664,31.25,Sergey Nemchinskiy
не,0.12000000000000455,2.083333333333333,27.083333333333332,Sergey Nemchinskiy
не,0.12000000000000455,6.25,29.166666666666668,Sergey Nemchinskiy
не,0.09000000000003183,25.0,25.0,Sergey Nemchinskiy
не,0.12000000000000455,12.5,41.66666666666667,Sergey Nemchinskiy
не,0.12000000000000455,2.083333333333333,10.416666666666668,Sergey Nemchinskiy
чтобы,0.21000000000000085,20.833333333333336,65.97222222222221,Sergey Nemchinskiy
чтобы,0.18000000000000682,15.972222222222221,14.583333333333334,Sergey Nemchinskiy
чтобы,0.21000000000000796,26.38888888888889,10.416666666666668,Sergey Nemchinskiy
чтобы,0.14999999999997726,6.25,27.083333333333332,Sergey Nemchinskiy
чтобы,0.2966310000000476,5.833333333333333,15.416666666666664,Sergey Nemchinskiy
чтобы,0.21000000000003638,12.5,10.937500000000002,Sergey Nemchinskiy
чтобы,0.23718700000006265,11.458333333333334,28.125,Sergey Nemchinskiy
чтобы,0.2400000000000091,21.354166666666668,16.145833333333336,Sergey Nemchinskiy
говорится,0.2700000000000031,16.666666666666668,17.916666666666664,Sergey Nemchinskiy
объективная,0.509999999999998,10.416666666666666,11.931818181818182,Sergey Nemchinskiy
реальность,0.5100000000000051,12.916666666666664,13.541666666666668,Sergey Nemchinskiy
является,0.39000000000000057,20.3125,23.177083333333336,Sergey Nemchinskiy
сегодняшний,0.4799999999999969,10.625,31.66666666666667,Sergey Nemchinskiy
сегодняшний,0.44999999999998863,10.87962962962963,16.435185185185183,Sergey Nemchinskiy
момент,0.33399200000000207,13.095238095238093,36.30952380952381,Sergey Nemchinskiy
момент,0.29561999999999955,9.722222222222221,13.88888888888889,Sergey Nemchinskiy
момент,0.36000000000001364,8.333333333333332,14.285714285714285,Sergey Nemchinskiy
распространённым,1.0799999999999983,13.583333333333334,12.83333333333333,Sergey Nemchinskiy
языком,0.5700000000000003,8.159722222222221,25.34722222222222,Sergey Nemchinskiy
языком,0.38528300000000115,11.718749999999998,15.624999999999996,Sergey Nemchinskiy
языком,0.38999999999998636,7.73809523809524,8.630952380952381,Sergey Nemchinskiy
мерида,0.6000000000000014,12.179487179487179,24.198717948717945,Sergey Nemchinskiy
более,0.3208259999999967,13.194444444444445,23.263888888888886,Sergey Nemchinskiy
более,0.18000000000000682,15.277777777777779,52.77777777777778,Sergey Nemchinskiy
более,0.3000000000000682,15.624999999999996,14.930555555555555,Sergey Nemchinskiy
того,0.2700000000000031,14.166666666666666,10.416666666666668,Sergey Nemchinskiy
того,0.1799999999999926,7.291666666666666,6.25,Sergey Nemchinskiy
того,0.18000000000000682,21.875,25.0,Sergey Nemchinskiy
того,0.14999999999997726,14.583333333333332,13.541666666666666,Sergey Nemchinskiy
того,0.14999999999997726,33.33333333333333,27.083333333333332,Sergey Nemchinskiy
того,0.2699999999999818,12.916666666666668,10.416666666666668,Sergey Nemchinskiy
он,0.17999999999999972,15.277777777777779,50.0,Sergey Nemchinskiy
он,0.12000000000000455,25.0,39.58333333333333,Sergey Nemchinskiy
в,0.060000000000002274,-0.0,-0.0,Sergey Nemchinskiy
в,0.35999999999999943,17.261904761904763,20.238095238095237,Sergey Nemchinskiy
в,0.09000000000000341,4.166666666666666,2.083333333333333,Sergey Nemchinskiy
в,0.060000000000002274,-0.0,-0.0,Sergey Nemchinskiy
в,0.11999999999997613,6.25,41.66666666666667,Sergey Nemchinskiy
в,0.060000000000002274,-0.0,-0.0,Sergey Nemchinskiy
в,0.060000000000002274,-0.0,-0.0,Sergey Nemchinskiy
в,0.4800000000000182,10.208333333333334,13.125,Sergey Nemchinskiy
в,0.2399999999998954,7.291666666666666,10.416666666666666,Sergey Nemchinskiy
в,0.12000000000000455,45.83333333333333,70.83333333333334,Sergey Nemchinskiy
в,0.06000000000005912,-0.0,-0.0,Sergey Nemchinskiy
в,0.1971090000000686,9.027777777777777,31.25,Sergey Nemchinskiy
принципе,0.509999999999998,13.068181818181818,16.098484848484848,Sergey Nemchinskiy
принципе,0.6462010000000191,11.011904761904761,10.416666666666668,Sergey Nemchinskiy
принципе,0.44999999999998863,10.0,8.75,Sergey Nemchinskiy
принципе,0.7799999999999727,10.300925925925927,11.689814814814813,Sergey Nemchinskiy
принципе,0.5099999999999909,12.5,8.143939393939394,Sergey Nemchinskiy
очень,0.3300000000000054,27.38095238095238,37.20238095238095,Sergey Nemchinskiy
очень,0.251096000000004,11.666666666666666,17.5,Sergey Nemchinskiy
очень,0.29999999999998295,27.083333333333332,75.34722222222223,Sergey Nemchinskiy
очень,0.30000000000001137,16.319444444444443,39.93055555555555,Sergey Nemchinskiy
хорош,0.3299999999999983,23.958333333333336,20.138888888888886,Sergey Nemchinskiy
язык,0.39000000000000057,6.510416666666667,24.739583333333336,Sergey Nemchinskiy
язык,0.2580030000000022,11.458333333333332,12.499999999999998,Sergey Nemchinskiy
язык,0.42219699999998284,4.398148148148148,8.796296296296296,Sergey Nemchinskiy
язык,0.3613480000000209,26.785714285714292,20.23809523809524,Sergey Nemchinskiy
язык,0.38999999999998636,22.395833333333336,18.229166666666668,Sergey Nemchinskiy
язык,0.3387599999999793,8.680555555555557,13.194444444444445,Sergey Nemchinskiy
язык,0.3300000000000409,9.375,14.23611111111111,Sergey Nemchinskiy
язык,0.36000000000001364,24.404761904761905,17.261904761904763,Sergey Nemchinskiy
язык,0.3300000000000409,11.30952380952381,21.13095238095238,Sergey Nemchinskiy
язык,0.3299999999999841,35.41666666666667,21.180555555555557,Sergey Nemchinskiy
язык,0.2699999999999818,44.58333333333334,21.666666666666664,Sergey Nemchinskiy
язык,0.2699999999999818,8.333333333333332,19.583333333333332,Sergey Nemchinskiy
язык,0.21000000000003638,30.555555555555554,20.833333333333336,Sergey Nemchinskiy
язык,0.39000000000010004,10.677083333333332,11.197916666666668,Sergey Nemchinskiy
язык,0.32999999999992724,10.416666666666668,17.708333333333336,Sergey Nemchinskiy
практически,0.5700000000000003,19.270833333333336,24.479166666666664,Sergey Nemchinskiy
практически,0.5699999999999932,53.205128205128204,23.878205128205128,Sergey Nemchinskiy
практически,0.5699999999999932,25.0,32.46527777777778,Sergey Nemchinskiy
практически,0.5100000000000051,25.946969696969695,14.393939393939394,Sergey Nemchinskiy
практически,0.7062740000000076,10.286458333333334,10.546874999999998,Sergey Nemchinskiy
практически,0.6599999999999966,22.321428571428573,19.047619047619047,Sergey Nemchinskiy
все,0.17999999999999972,14.583333333333334,15.972222222222223,Sergey Nemchinskiy
все,0.36000000000001364,10.119047619047619,16.36904761904762,Sergey Nemchinskiy
все,0.14999999999997726,6.25,5.208333333333333,Sergey Nemchinskiy
все,0.14999999999997726,6.25,22.916666666666664,Sergey Nemchinskiy
другие,0.30000000000000426,15.833333333333332,14.583333333333334,Sergey Nemchinskiy
языки,0.3300000000000054,13.194444444444445,35.06944444444445,Sergey Nemchinskiy
использовались,0.509999999999998,7.765151515151514,12.878787878787879,Sergey Nemchinskiy
этой,0.30000000000000426,12.916666666666664,14.166666666666666,Sergey Nemchinskiy
этой,0.3299999999999983,5.952380952380952,10.714285714285712,Sergey Nemchinskiy
этой,0.18000000000000682,7.291666666666667,16.666666666666664,Sergey Nemchinskiy
этой,0.2999999999999545,6.666666666666665,10.0,Sergey Nemchinskiy
нише,0.29999999999999716,10.416666666666668,13.541666666666666,Sergey Nemchinskiy
ещё,0.21094500000000238,22.916666666666664,20.833333333333336,Sergey Nemchinskiy
ещё,0.18000000000000682,23.958333333333332,21.875,Sergey Nemchinskiy
ещё,0.20999999999997954,7.291666666666666,9.375,Sergey Nemchinskiy
ещё,0.1799999999999784,51.38888888888889,9.722222222222223,Sergey Nemchinskiy
ещё,0.2121389999999792,5.555555555555555,16.666666666666664,Sergey Nemchinskiy
ещё,0.4200000000000159,33.33333333333333,14.814814814814813,Sergey Nemchinskiy
ещё,0.17999999999994998,17.708333333333332,15.625,Sergey Nemchinskiy
много,0.269999999999996,10.0,8.333333333333332,Sergey Nemchinskiy
много,0.2400000000000091,23.958333333333332,11.458333333333334,Sergey Nemchinskiy
языков,0.39000000000000057,25.892857142857146,12.202380952380953,Sergey Nemchinskiy
языков,0.44999999999998863,15.0,19.166666666666668,Sergey Nemchinskiy
языков,0.4200000000000159,13.020833333333334,17.1875,Sergey Nemchinskiy
основным,0.6600000000000108,11.944444444444445,32.36111111111111,Sergey Nemchinskiy
скриптов,0.6300000000000097,14.880952380952381,25.5952380952381,Sergey Nemchinskiy
тем,0.1799999999999926,39.58333333333333,25.0,Sergey Nemchinskiy
тем,0.18000000000000682,13.194444444444445,9.027777777777777,Sergey Nemchinskiy
тем,0.18000000000000682,11.458333333333334,19.791666666666664,Sergey Nemchinskiy
поддерживают,0.480000000000004,9.791666666666668,16.041666666666664,Sergey Nemchinskiy
так,0.1799999999999926,26.041666666666668,45.833333333333336,Sergey Nemchinskiy
так,0.35999999999999943,8.630952380952381,33.63095238095238,Sergey Nemchinskiy
так,0.15000000000000568,27.083333333333336,31.25,Sergey Nemchinskiy
так,0.18000000000006366,16.666666666666668,56.25,Sergey Nemchinskiy
так,0.17999999999994998,16.666666666666664,24.999999999999996,Sergey Nemchinskiy
так,0.2400000000000091,8.333333333333334,15.625,Sergey Nemchinskiy
далее,0.2400000000000091,26.5625,11.979166666666668,Sergey Nemchinskiy
далее,0.21000000000000796,13.194444444444445,29.166666666666668,Sergey Nemchinskiy
далее,0.2400000000000091,11.458333333333332,10.416666666666668,Sergey Nemchinskiy
поэтому,0.6531229999999937,10.863095238095239,26.934523809523814,Sergey Nemchinskiy
поэтому,0.3299999999999841,24.652777777777775,27.777777777777775,Sergey Nemchinskiy
поэтому,0.36000000000001364,11.30952380952381,18.154761904761905,Sergey Nemchinskiy
поэтому,0.6299999999999955,7.88690476190476,10.714285714285717,Sergey Nemchinskiy
поэтому,0.3300000000000409,27.777777777777775,10.069444444444443,Sergey Nemchinskiy
поэтому,0.32999999999992724,23.80952380952381,12.79761904761905,Sergey Nemchinskiy
поэтому,0.4826019999999289,12.916666666666664,11.25,Sergey Nemchinskiy
говорить,0.45000000000000284,8.333333333333334,10.625,Sergey Nemchinskiy
говорить,0.3299999999999983,12.5,19.09722222222222,Sergey Nemchinskiy
о,0.1799999999999926,4.166666666666666,7.638888888888888,Sergey Nemchinskiy
о,0.36000000000001364,5.357142857142857,4.761904761904762,Sergey Nemchinskiy
его,0.6599999999999966,8.18452380952381,8.482142857142858,Sergey Nemchinskiy
его,0.14999999999997726,36.45833333333333,21.875,Sergey Nemchinskiy
его,0.20999999999997954,12.499999999999998,11.805555555555554,Sergey Nemchinskiy
его,0.27000000000003865,20.0,9.166666666666666,Sergey Nemchinskiy
его,0.17999999999994998,13.541666666666666,48.958333333333336,Sergey Nemchinskiy
его,0.19470699999999397,34.375,30.208333333333332,Sergey Nemchinskiy
судьбе,0.5100000000000051,16.47727272727273,30.871212121212118,Sergey Nemchinskiy
языка,0.3777759999999972,21.354166666666668,8.854166666666668,Sergey Nemchinskiy
языка,0.3000000000000682,8.333333333333332,13.541666666666668,Sergey Nemchinskiy
языка,0.4199999999999591,13.541666666666666,9.114583333333334,Sergey Nemchinskiy
тут,0.35999999999999943,11.30952380952381,12.797619047619047,Sergey Nemchinskiy
тут,0.21000000000003638,26.38888888888889,37.5,Sergey Nemchinskiy
можно,0.23999999999999488,18.749999999999996,19.791666666666664,Sergey Nemchinskiy
писать,0.27000000000001023,18.333333333333332,10.416666666666666,Sergey Nemchinskiy
писать,0.3599999999999568,39.583333333333336,18.75,Sergey Nemchinskiy
чем,0.1812890000000067,8.333333333333332,11.458333333333332,Sergey Nemchinskiy
чем,0.21000000000003638,6.25,12.5,Sergey Nemchinskiy
чем,0.18000000000000682,18.75,14.583333333333332,Sergey Nemchinskiy
чем,0.2099999999999227,8.333333333333332,14.583333333333334,Sergey Nemchinskiy
угодно,0.4200000000000017,13.657407407407407,17.36111111111111,Sergey Nemchinskiy
но,0.4200000000000017,6.770833333333334,10.677083333333332,Sergey Nemchinskiy
но,0.3900000000000148,23.958333333333332,23.4375,Sergey Nemchinskiy
но,0.12000000000000455,8.333333333333332,12.5,Sergey Nemchinskiy
но,0.21000000000003638,15.972222222222221,14.583333333333334,Sergey Nemchinskiy
но,0.12000000000000455,22.916666666666664,39.58333333333333,Sergey Nemchinskiy
серьёзно,0.6599999999999966,16.11111111111111,17.361111111111114,Sergey Nemchinskiy
по,0.15000000000000568,14.583333333333334,13.541666666666668,Sergey Nemchinskiy
по,0.15000000000000568,9.375,17.708333333333332,Sergey Nemchinskiy
по,0.15000000000000568,6.25,16.666666666666664,Sergey Nemchinskiy
по,0.13306599999998525,10.416666666666668,10.416666666666668,Sergey Nemchinskiy
по,0.16974599999997508,15.625,18.75,Sergey Nemchinskiy
по,0.18000000000000682,5.208333333333333,27.083333333333332,Sergey Nemchinskiy
по,0.12000000000000455,8.333333333333332,22.916666666666664,Sergey Nemchinskiy
по,0.14999999999997726,6.25,10.416666666666666,Sergey Nemchinskiy
по,0.12000000000000455,14.583333333333334,10.416666666666668,Sergey Nemchinskiy
по,0.17999999999994998,6.25,14.583333333333334,Sergey Nemchinskiy
крайней,0.23999999999999488,11.979166666666668,22.916666666666668,Sergey Nemchinskiy
мере,0.15000000000000568,8.333333333333334,16.666666666666668,Sergey Nemchinskiy
большинство,0.539999999999992,7.765151515151516,11.93181818181818,Sergey Nemchinskiy
профессионалов,0.6600000000000108,20.277777777777775,17.916666666666668,Sergey Nemchinskiy
том,0.14999999999999147,25.0,22.916666666666668,Sergey Nemchinskiy
том,0.14999999999999147,8.333333333333332,10.416666666666668,Sergey Nemchinskiy
том,0.17999999999994998,11.805555555555557,15.972222222222221,Sergey Nemchinskiy
нам,0.20999999999999375,68.22916666666666,14.583333333333332,Sergey Nemchinskiy
нам,0.15000000000000568,17.708333333333336,16.666666666666664,Sergey Nemchinskiy
нам,0.18000000000000682,45.13888888888889,13.88888888888889,Sergey Nemchinskiy
нам,0.14999999999997726,4.166666666666666,25.0,Sergey Nemchinskiy
или,0.12000000000000455,75.0,33.33333333333333,Sergey Nemchinskiy
или,0.27000000000001023,25.41666666666667,19.583333333333332,Sergey Nemchinskiy
или,0.12000000000000455,0.0,16.666666666666664,Sergey Nemchinskiy
наоборот,0.35999999999999943,46.42857142857143,17.857142857142854,Sergey Nemchinskiy
насрать,0.35999999999999943,13.690476190476192,36.904761904761905,Sergey Nemchinskiy
теперь,0.3299999999999983,18.40277777777778,23.263888888888886,Sergey Nemchinskiy
поводу,0.35999999999999943,14.583333333333332,15.476190476190474,Sergey Nemchinskiy
поводу,0.27000000000003865,13.541666666666666,16.666666666666668,Sergey Nemchinskiy
поводу,0.44999999999998863,24.768518518518523,28.47222222222222,Sergey Nemchinskiy
поводу,0.3375590000000557,10.119047619047619,14.880952380952378,Sergey Nemchinskiy
собственно,0.4200000000000017,10.677083333333332,14.062499999999996,Sergey Nemchinskiy
собственно,0.3900000000000148,10.9375,5.208333333333334,Sergey Nemchinskiy
собственно,0.5100000000000477,7.291666666666666,10.833333333333336,Sergey Nemchinskiy
собственно,0.38999999999998636,10.9375,22.395833333333336,Sergey Nemchinskiy
собственно,0.3599999999999568,12.5,19.047619047619047,Sergey Nemchinskiy
собственно,0.4200000000000159,10.416666666666668,12.760416666666666,Sergey Nemchinskiy
говоря,0.20999999999999375,12.5,19.791666666666664,Sergey Nemchinskiy
говоря,0.29999999999998295,8.333333333333332,10.0,Sergey Nemchinskiy
говоря,0.18000000000000682,42.70833333333333,13.541666666666666,Sergey Nemchinskiy
говоря,0.44999999999998863,7.916666666666666,15.416666666666668,Sergey Nemchinskiy
говоря,0.21000000000003638,10.416666666666668,10.416666666666668,Sergey Nemchinskiy
говоря,0.2400000000000091,8.333333333333332,17.708333333333336,Sergey Nemchinskiy
говоря,0.5099999999999909,8.90151515151515,9.46969696969697,Sergey Nemchinskiy
профессия,0.6117550000000023,9.226190476190476,20.238095238095237,Sergey Nemchinskiy
профессия,0.5699999999999932,14.756944444444445,9.895833333333332,Sergey Nemchinskiy
существует,0.539999999999992,10.227272727272728,24.81060606060606,Sergey Nemchinskiy
существует,0.5699999999999932,12.660256410256409,35.73717948717948,Sergey Nemchinskiy
профессии,0.480000000000004,7.708333333333334,21.458333333333336,Sergey Nemchinskiy
разработчик,0.6623000000000019,11.38888888888889,15.694444444444445,Sergey Nemchinskiy
разработчик,0.5999999999999943,35.8974358974359,25.320512820512818,Sergey Nemchinskiy
целая,0.269999999999996,11.979166666666666,26.041666666666668,Sergey Nemchinskiy
профессий,0.5699999999999932,9.548611111111112,23.263888888888886,Sergey Nemchinskiy
профессий,0.47999999999998977,20.0,31.041666666666668,Sergey Nemchinskiy
связанных,0.480000000000004,7.5,15.833333333333332,Sergey Nemchinskiy
дело,0.2400000000000091,7.8125,11.458333333333332,Sergey Nemchinskiy
удобным,0.35999999999999943,8.92857142857143,8.035714285714286,Sergey Nemchinskiy
для,0.47999999999998977,12.083333333333332,16.666666666666668,Sergey Nemchinskiy
для,0.21000000000000796,5.208333333333333,15.104166666666668,Sergey Nemchinskiy
для,0.12000000000000455,4.166666666666666,14.583333333333334,Sergey Nemchinskiy
для,0.20999999999997954,18.055555555555554,15.277777777777779,Sergey Nemchinskiy
для,0.14999999999997726,23.958333333333332,21.875,Sergey Nemchinskiy
для,0.3000000000000682,20.486111111111114,26.73611111111111,Sergey Nemchinskiy
для,0.21000000000003638,48.95833333333333,25.520833333333332,Sergey Nemchinskiy
быстрого,0.539999999999992,14.409722222222223,28.993055555555557,Sergey Nemchinskiy
старта,0.4200000000000017,10.416666666666668,14.583333333333334,Sergey Nemchinskiy
быстренько,0.45000000000000284,8.541666666666666,16.875,Sergey Nemchinskiy
быстренько,0.4200000000000159,13.541666666666668,13.020833333333332,Sergey Nemchinskiy
быстренько,0.4200000000000159,10.87962962962963,27.083333333333332,Sergey Nemchinskiy
быстренько,0.44999999999998863,27.083333333333336,21.990740740740737,Sergey Nemchinskiy
быстренько,0.4199999999999591,16.666666666666668,9.375,Sergey Nemchinskiy
быстренько,0.3900000000000432,19.642857142857142,22.023809523809526,Sergey Nemchinskiy
быстренько,0.4200000000000159,13.28125,11.979166666666666,Sergey Nemchinskiy
быстренько,0.38999999999998636,22.023809523809526,17.261904761904763,Sergey Nemchinskiy
сотворить,0.45000000000000284,13.194444444444443,10.648148148148149,Sergey Nemchinskiy
подтверждение,0.596029999999999,17.467948717948715,18.42948717948718,Sergey Nemchinskiy
сработает,0.5400000000000063,13.020833333333334,31.944444444444443,Sergey Nemchinskiy
соответственно,0.7199999999999989,10.286458333333332,11.588541666666666,Sergey Nemchinskiy
соответственно,0.5400000000000205,11.458333333333332,22.569444444444446,Sergey Nemchinskiy
получается,0.7199999999999989,17.187499999999996,36.979166666666664,Sergey Nemchinskiy
получается,0.75,6.901041666666667,5.468749999999999,Sergey Nemchinskiy
качестве,0.4805860000000166,8.125,12.5,Sergey Nemchinskiy
своего,0.3299999999999841,10.714285714285712,20.238095238095237,Sergey Nemchinskiy
инструмента,0.9000000000000057,27.395833333333336,33.229166666666664,Sergey Nemchinskiy
если,0.2699999999999818,12.5,16.145833333333336,Sergey Nemchinskiy
если,0.36000000000001364,10.714285714285712,12.202380952380953,Sergey Nemchinskiy
если,0.2699999999999818,7.5,7.083333333333333,Sergey Nemchinskiy
если,0.21000000000003638,22.222222222222225,50.69444444444444,Sergey Nemchinskiy
если,0.35999999999989996,15.773809523809526,47.023809523809526,Sergey Nemchinskiy
если,0.2999999999999545,8.333333333333332,35.06944444444444,Sergey Nemchinskiy
мы,0.12000000000000455,25.0,12.5,Sergey Nemchinskiy
мы,0.1199999999999477,2.083333333333333,16.666666666666664,Sergey Nemchinskiy
говорим,0.30000000000001137,12.847222222222223,21.52777777777778,Sergey Nemchinskiy
джава,0.2699999999999818,7.8125,22.916666666666668,Sergey Nemchinskiy
джава,0.3299999999999841,10.76388888888889,11.805555555555554,Sergey Nemchinskiy
джава,0.38999999999998636,15.104166666666666,19.791666666666664,Sergey Nemchinskiy
джава,0.2400000000000091,36.97916666666667,12.5,Sergey Nemchinskiy
человек,0.30000000000001137,13.194444444444443,12.152777777777779,Sergey Nemchinskiy
центр,0.41384800000000155,31.01851851851852,20.13888888888889,Sergey Nemchinskiy
андроид,0.4200000000000159,9.635416666666666,9.895833333333332,Sergey Nemchinskiy
андроид,0.47999999999998977,15.208333333333336,23.125,Sergey Nemchinskiy
девелоперы,0.539999999999992,7.8125,24.826388888888886,Sergey Nemchinskiy
хотят,0.27000000000001023,14.0625,23.958333333333336,Sergey Nemchinskiy
под,0.18000000000000682,37.5,16.666666666666668,Sergey Nemchinskiy
под,0.20999999999997954,10.416666666666668,6.25,Sergey Nemchinskiy
под,0.17999999999994998,12.5,36.458333333333336,Sergey Nemchinskiy
такого,0.44999999999998863,33.95833333333333,17.916666666666668,Sergey Nemchinskiy
такого,0.3299999999999841,17.261904761904763,11.60714285714286,Sergey Nemchinskiy
слышал,0.3599999999999852,13.988095238095239,15.47619047619048,Sergey Nemchinskiy
сказать,0.30000000000001137,7.638888888888888,19.09722222222222,Sergey Nemchinskiy
сказать,0.32299800000001255,15.972222222222221,32.29166666666667,Sergey Nemchinskiy
сказать,0.32999999999992724,24.107142857142858,16.666666666666668,Sergey Nemchinskiy
сказать,0.36000000000001364,8.035714285714286,9.226190476190476,Sergey Nemchinskiy
сказать,0.2999999999999545,5.555555555555556,14.930555555555555,Sergey Nemchinskiy
нельзя,0.3300000000000125,11.11111111111111,32.29166666666667,Sergey Nemchinskiy
нельзя,0.2700000000000955,41.145833333333336,56.770833333333336,Sergey Nemchinskiy
нельзя,0.28467000000000553,11.666666666666666,8.333333333333334,Sergey Nemchinskiy
разных,0.3599999999999852,16.071428571428566,19.345238095238095,Sergey Nemchinskiy
разных,0.2699999999999818,7.916666666666666,11.666666666666666,Sergey Nemchinskiy
давайте,0.27134699999999157,100.00000000000003,21.666666666666664,Sergey Nemchinskiy
давайте,0.3300000000000409,34.523809523809526,71.13095238095238,Sergey Nemchinskiy
пальцы,0.4200000000000159,21.99074074074074,15.50925925925926,Sergey Nemchinskiy
этих,0.21000000000000796,13.194444444444445,18.055555555555554,Sergey Nemchinskiy
этих,0.18000000000000682,5.555555555555555,18.055555555555554,Sergey Nemchinskiy
этих,0.18000000000000682,10.416666666666668,20.833333333333336,Sergey Nemchinskiy
отдельности,0.5099999999999909,30.681818181818183,14.015151515151514,Sergey Nemchinskiy
очередь,0.30000000000001137,11.805555555555557,27.083333333333332,Sergey Nemchinskiy
очередь,0.30000000000001137,28.333333333333332,12.5,Sergey Nemchinskiy
джанго,0.4200000000000159,13.020833333333332,19.270833333333336,Sergey Nemchinskiy
набор,0.29999999999998295,11.25,15.416666666666664,Sergey Nemchinskiy
фреймворка,0.539999999999992,16.477272727272727,16.09848484848485,Sergey Nemchinskiy
чаще,0.27000000000001023,14.583333333333332,18.229166666666668,Sergey Nemchinskiy
чаще,0.2791990000000055,21.66666666666667,45.41666666666667,Sergey Nemchinskiy
всего,0.21000000000000796,9.375,13.020833333333332,Sergey Nemchinskiy
всего,0.23999999999995225,21.354166666666664,60.9375,Sergey Nemchinskiy
всего,0.2699999999999818,14.583333333333332,17.708333333333332,Sergey Nemchinskiy
разработка,0.7434080000000165,21.614583333333332,30.859375000000007,Sergey Nemchinskiy
сайтов,0.4199999999999875,8.854166666666666,18.75,Sergey Nemchinskiy
основном,0.47999999999998977,17.708333333333336,26.875,Sergey Nemchinskiy
основном,0.4199999999999875,9.722222222222221,17.129629629629626,Sergey Nemchinskiy
основном,0.44999999999998863,32.291666666666664,17.083333333333332,Sergey Nemchinskiy
этом,0.21000000000000796,8.333333333333332,15.277777777777777,Sergey Nemchinskiy
поле,0.27000000000001023,11.25,27.500000000000004,Sergey Nemchinskiy
поле,0.2400000000000091,13.541666666666666,50.0,Sergey Nemchinskiy
было,0.1799999999999784,40.625,7.291666666666666,Sergey Nemchinskiy
понятно,0.4200000000000159,16.203703703703702,22.453703703703706,Sergey Nemchinskiy
понятно,0.4200000000000159,26.302083333333332,13.28125,Sergey Nemchinskiy
понятно,0.44999999999998863,35.416666666666664,47.91666666666666,Sergey Nemchinskiy
какая-то,0.4199999999999875,9.114583333333332,14.322916666666666,Sergey Nemchinskiy
какая-то,0.4200000000000159,14.583333333333332,22.135416666666664,Sergey Nemchinskiy
какая-то,0.3299999999999841,25.347222222222225,15.625,Sergey Nemchinskiy
простые,0.44999999999998863,16.666666666666664,18.98148148148148,Sergey Nemchinskiy
простые,0.4065089999999998,25.78125,33.33333333333333,Sergey Nemchinskiy
типа,0.2400000000000091,72.91666666666667,30.208333333333332,Sergey Nemchinskiy
нашего,0.4199999999999875,8.564814814814815,16.666666666666668,Sergey Nemchinskiy
да,0.21000000000000796,11.979166666666666,10.416666666666668,Sergey Nemchinskiy
продавать,0.38999999999998636,9.635416666666668,13.28125,Sergey Nemchinskiy
делается,0.45241699999999696,18.98148148148148,36.80555555555556,Sergey Nemchinskiy
уже,0.18000000000000682,6.25,21.52777777777778,Sergey Nemchinskiy
уже,0.2400000000000091,9.895833333333332,7.8125,Sergey Nemchinskiy
готовых,0.38999999999998636,11.607142857142858,16.36904761904762,Sergey Nemchinskiy
сто,0.15000000000000568,11.458333333333334,10.416666666666668,Sergey Nemchinskiy
процентов,0.5099999999999909,26.51515151515152,18.371212121212118,Sergey Nemchinskiy
рулит,0.5699999999999932,51.388888888888886,26.215277777777775,Sergey Nemchinskiy
рулить,0.27338399999999297,26.041666666666668,10.9375,Sergey Nemchinskiy
будет,0.2400000000000091,16.666666666666664,9.375,Sergey Nemchinskiy
будет,0.3381149999999593,13.392857142857146,36.01190476190476,Sergey Nemchinskiy
долго,0.49822299999999586,9.375000000000002,10.625,Sergey Nemchinskiy
карт,0.30000000000001137,50.416666666666664,18.75,Sergey Nemchinskiy
есть,0.3599999999999852,21.428571428571427,25.0,Sergey Nemchinskiy
есть,0.27000000000003865,6.25,11.666666666666666,Sergey Nemchinskiy
между,0.47999999999998977,10.208333333333334,9.583333333333334,Sergey Nemchinskiy
между,0.36000000000001364,14.285714285714285,15.178571428571427,Sergey Nemchinskiy
этим,0.44999999999998863,14.583333333333332,13.194444444444448,Sergey Nemchinskiy
этим,0.2400000000000091,9.895833333333334,6.770833333333333,Sergey Nemchinskiy
решением,0.5699999999999932,11.458333333333336,27.430555555555557,Sergey Nemchinskiy
сложным,0.7199999999999989,17.1875,22.005208333333332,Sergey Nemchinskiy
эта,0.3900000000000148,10.677083333333334,12.760416666666668,Sergey Nemchinskiy
ниша,0.47999999999998977,8.958333333333332,31.874999999999996,Sergey Nemchinskiy
например,0.4199999999999875,32.03125000000001,22.135416666666664,Sergey Nemchinskiy
например,0.5099999999999909,10.037878787878785,30.871212121212128,Sergey Nemchinskiy
например,0.36000000000001364,9.523809523809524,12.79761904761905,Sergey Nemchinskiy
там,0.2400000000000091,13.020833333333334,18.229166666666664,Sergey Nemchinskiy
там,0.30000000000001137,14.166666666666666,57.08333333333333,Sergey Nemchinskiy
там,0.18000000000000682,18.055555555555557,20.138888888888893,Sergey Nemchinskiy
там,0.2400000000000091,17.1875,14.0625,Sergey Nemchinskiy
сайт,0.3300000000000125,5.902777777777779,6.597222222222221,Sergey Nemchinskiy
сайт,0.3599999999999852,63.39285714285714,12.202380952380953,Sergey Nemchinskiy
сайт,0.38999999999998636,11.71875,9.635416666666668,Sergey Nemchinskiy
записаться,0.6299999999999955,44.19642857142857,15.32738095238095,Sergey Nemchinskiy
записаться,0.5100000000000193,38.82575757575758,27.840909090909093,Sergey Nemchinskiy
запись,0.47999999999998977,48.54166666666666,28.125,Sergey Nemchinskiy
специалисту,0.8700000000000045,31.907894736842103,18.640350877192983,Sergey Nemchinskiy
поставить,0.5099999999999909,50.56818181818182,15.909090909090908,Sergey Nemchinskiy
себя,0.27000000000001023,20.0,19.583333333333336,Sergey Nemchinskiy
какую-нибудь,0.539999999999992,18.75,16.28787878787879,Sergey Nemchinskiy
какую-нибудь,0.5400000000000205,30.113636363636363,26.51515151515152,Sergey Nemchinskiy
проверить,0.44999999999998863,47.29166666666666,25.624999999999996,Sergey Nemchinskiy
сделать,0.3351420000000189,99.30555555555554,40.97222222222223,Sergey Nemchinskiy
сделать,0.38999999999998636,16.145833333333336,16.145833333333336,Sergey Nemchinskiy
какую-то,0.3599999999999852,36.9047619047619,16.964285714285715,Sergey Nemchinskiy
цифровую,0.539999999999992,25.868055555555554,28.29861111111111,Sergey Nemchinskiy
подпись,0.5400000000000205,52.65151515151515,19.12878787878788,Sergey Nemchinskiy
спортклуба,0.7729980000000012,42.279411764705884,34.43627450980392,Sergey Nemchinskiy
где,0.18000000000000682,8.333333333333332,14.583333333333332,Sergey Nemchinskiy
надо,0.23999999999998067,10.937499999999998,14.0625,Sergey Nemchinskiy
надо,0.2400000000000091,14.583333333333334,13.020833333333334,Sergey Nemchinskiy
надо,0.2699999999999818,8.75,55.41666666666666,Sergey Nemchinskiy
конкретному,0.7199999999999989,8.203125,13.802083333333334,Sergey Nemchinskiy
выбрать,0.3552399999999807,30.059523809523807,24.999999999999996,Sergey Nemchinskiy
время,0.41226599999998825,15.509259259259261,21.064814814814817,Sergey Nemchinskiy
время,0.2999999999999545,6.944444444444445,9.027777777777777,Sergey Nemchinskiy
любого,0.5699999999999932,11.631944444444443,32.63888888888889,Sergey Nemchinskiy
уровня,0.38999999999998636,12.202380952380953,18.45238095238095,Sergey Nemchinskiy
сложности,0.5700000000000216,12.82051282051282,11.37820512820513,Sergey Nemchinskiy
серединка,0.5699999999999932,25.34722222222222,20.65972222222222,Sergey Nemchinskiy
сайты,0.44999999999998863,18.51851851851852,16.435185185185183,Sergey Nemchinskiy
котором,0.3299999999999841,5.902777777777779,12.847222222222221,Sergey Nemchinskiy
живёт,0.27000000000001023,11.25,10.833333333333332,Sergey Nemchinskiy
живёт,0.36000000000001364,6.25,11.607142857142856,Sergey Nemchinskiy
живёт,0.4200000000000159,14.351851851851851,15.972222222222221,Sergey Nemchinskiy
живёт,0.36000000000001364,20.833333333333332,31.845238095238095,Sergey Nemchinskiy
живёт,0.2699999999999818,37.916666666666664,15.833333333333332,Sergey Nemchinskiy
живут,0.36000000000001364,11.904761904761905,16.964285714285715,Sergey Nemchinskiy
говорил,0.3300000000000125,22.569444444444443,65.97222222222221,Sergey Nemchinskiy
насколько,0.3900000000000148,28.125,27.604166666666664,Sergey Nemchinskiy
успешно,0.4199999999999875,15.104166666666666,11.979166666666668,Sergey Nemchinskiy
честно,0.30000000000001137,10.069444444444446,13.541666666666666,Sergey Nemchinskiy
честно,0.36000000000001364,24.107142857142858,27.380952380952383,Sergey Nemchinskiy
сложно,0.2699999999999818,10.416666666666668,17.5,Sergey Nemchinskiy
убийствами,0.44999999999998863,14.814814814814813,20.601851851851848,Sergey Nemchinskiy
убью,0.21000000000003638,8.333333333333332,9.027777777777777,Sergey Nemchinskiy
грудь,0.23999999999995225,33.33333333333333,14.583333333333332,Sergey Nemchinskiy
криками,0.3566310000000499,11.607142857142858,21.726190476190478,Sergey Nemchinskiy
живее,0.3300000000000409,16.319444444444446,13.194444444444445,Sergey Nemchinskiy
всех,0.20999999999997954,34.02777777777777,11.805555555555554,Sergey Nemchinskiy
живых,0.38999999999998636,8.59375,12.499999999999998,Sergey Nemchinskiy
знаю,0.26335000000000264,23.333333333333332,7.083333333333333,Sergey Nemchinskiy
со,0.14999999999997726,4.166666666666666,4.166666666666666,Sergey Nemchinskiy
своими,0.42366200000003573,11.342592592592595,19.90740740740741,Sergey Nemchinskiy
своими,0.30000000000001137,7.291666666666667,15.277777777777777,Sergey Nemchinskiy
тысячи,0.45079099999998107,12.499999999999996,26.851851851851855,Sergey Nemchinskiy
тысячи,0.36000000000001364,10.416666666666666,11.011904761904765,Sergey Nemchinskiy
самоотверженно,0.5400000000000205,22.569444444444443,46.527777777777786,Sergey Nemchinskiy
пилят,0.36000000000001364,16.36904761904762,19.047619047619047,Sergey Nemchinskiy
жить,0.18000000000000682,12.5,14.583333333333334,Sergey Nemchinskiy
жить,0.4200000000000159,12.760416666666666,9.375,Sergey Nemchinskiy
жить,0.20999999999997954,19.444444444444443,8.333333333333332,Sergey Nemchinskiy
тоже,0.30000000000001137,17.5,20.416666666666668,Sergey Nemchinskiy
удобно,0.36000000000001364,8.630952380952381,16.964285714285715,Sergey Nemchinskiy
подходит,0.38999999999998636,11.718749999999998,13.541666666666666,Sergey Nemchinskiy
сайта,0.4199999999999591,11.342592592592595,12.037037037037036,Sergey Nemchinskiy
переписывать,0.5400000000000205,34.027777777777786,17.708333333333336,Sergey Nemchinskiy
другом,0.2727539999999635,9.583333333333332,16.666666666666664,Sergey Nemchinskiy
языке,0.3794240000000286,26.488095238095237,14.583333333333334,Sergey Nemchinskiy
дальше,0.4800000000000182,15.833333333333332,39.16666666666667,Sergey Nemchinskiy
дальше,0.4200000000000159,10.879629629629632,10.185185185185185,Sergey Nemchinskiy
первая,0.36000000000001364,13.392857142857142,19.345238095238095,Sergey Nemchinskiy
может,0.2699999999999818,29.999999999999993,34.166666666666664,Sergey Nemchinskiy
быть,0.12000000000000455,22.916666666666664,18.75,Sergey Nemchinskiy
большой,0.30000000000001137,8.75,10.0,Sergey Nemchinskiy
специалист,0.4200000000000159,9.25925925925926,12.73148148148148,Sergey Nemchinskiy
что-то,0.30000000000001137,30.555555555555554,41.66666666666667,Sergey Nemchinskiy
что-то,0.3299999999999841,54.86111111111111,20.486111111111114,Sergey Nemchinskiy
что-то,0.30000000000001137,49.30555555555555,23.611111111111114,Sergey Nemchinskiy
используют,0.4800000000000182,10.208333333333334,24.791666666666664,Sergey Nemchinskiy
причинам,0.4199999999999591,4.861111111111112,12.268518518518517,Sergey Nemchinskiy
рынке,0.4200000000000159,9.953703703703704,12.499999999999996,Sergey Nemchinskiy
рынке,0.2699999999999818,17.5,12.916666666666668,Sergey Nemchinskiy
серверов,0.4800000000000182,14.16666666666667,17.5,Sergey Nemchinskiy
использовать,0.5399999999999636,12.12121212121212,14.015151515151517,Sergey Nemchinskiy
использовать,0.48465800000002446,8.75,9.375,Sergey Nemchinskiy
использовать,0.4800000000000182,30.625000000000004,26.041666666666664,Sergey Nemchinskiy
же,0.14999999999997726,6.25,18.75,Sergey Nemchinskiy
поднял,0.5999999999999659,51.602564102564095,22.435897435897434,Sergey Nemchinskiy
вам,0.20999999999997954,6.944444444444444,36.11111111111111,Sergey Nemchinskiy
нужно,0.2400000000000091,15.625,14.0625,Sergey Nemchinskiy
нужно,0.3590920000000324,10.714285714285714,16.666666666666668,Sergey Nemchinskiy
протестировать,0.7199999999999704,19.010416666666664,12.760416666666668,Sergey Nemchinskiy
ля-ля-ля,0.47742199999999,27.291666666666664,13.333333333333336,Sergey Nemchinskiy
выбор,0.5099999999999909,29.545454545454547,21.969696969696972,Sergey Nemchinskiy
выбор,0.6299999999999955,9.821428571428573,11.60714285714286,Sergey Nemchinskiy
выбор,0.2699999999999818,4.583333333333332,8.333333333333334,Sergey Nemchinskiy
большому,0.5099999999999909,11.363636363636362,9.46969696969697,Sergey Nemchinskiy
большому,0.6000000000000227,62.98076923076922,30.12820512820513,Sergey Nemchinskiy
небольшой,0.75,19.531250000000007,19.270833333333336,Sergey Nemchinskiy
либо,0.38999999999998636,13.28125,10.416666666666668,Sergey Nemchinskiy
либо,0.2699999999999818,22.395833333333336,19.270833333333336,Sergey Nemchinskiy
почему,0.3299999999999841,8.680555555555557,43.402777777777786,Sergey Nemchinskiy
занимается,0.4668750000000159,6.712962962962962,29.86111111111111,Sergey Nemchinskiy
пишут,0.27000000000003865,8.333333333333334,20.0,Sergey Nemchinskiy
энтерпрайз,0.4800000000000182,15.000000000000002,13.958333333333334,Sergey Nemchinskiy
вокруг,0.30000000000001137,11.805555555555557,18.402777777777775,Sergey Nemchinskiy
куча,0.2699999999999818,23.437500000000004,17.1875,Sergey Nemchinskiy
разработчиков,0.6899999999999977,20.572916666666668,24.21875,Sergey Nemchinskiy
разработчиков,0.6900000000000546,8.333333333333332,12.22222222222222,Sergey Nemchinskiy
будем,0.21000000000003638,13.888888888888888,9.027777777777777,Sergey Nemchinskiy
тестировать,0.5699999999999932,19.871794871794876,9.775641025641027,Sergey Nemchinskiy
кстати,0.30000000000001137,13.750000000000002,15.416666666666664,Sergey Nemchinskiy
достаточно,0.4200000000000159,6.944444444444445,26.157407407407412,Sergey Nemchinskiy
достаточно,0.4800000000000182,53.125,29.375000000000007,Sergey Nemchinskiy
пишущих,0.4500000000000455,12.03703703703704,13.657407407407407,Sergey Nemchinskiy
вполне,0.2999999999999545,12.499999999999996,8.333333333333334,Sergey Nemchinskiy
вполне,0.38999999999998636,25.78125,11.197916666666666,Sergey Nemchinskiy
естественно,0.4500000000000455,20.625,11.041666666666668,Sergey Nemchinskiy
незнамо,0.4200000000000159,12.239583333333332,14.84375,Sergey Nemchinskiy
кода,0.3300000000000409,8.035714285714286,28.273809523809522,Sergey Nemchinskiy
какие-то,0.38668899999998985,11.71875,7.8125,Sergey Nemchinskiy
серверные,0.4736130000000003,16.666666666666668,25.83333333333333,Sergey Nemchinskiy
приложения,0.6599999999999682,10.565476190476188,11.904761904761905,Sergey Nemchinskiy
удобнее,0.3900000000000432,20.833333333333336,26.822916666666668,Sergey Nemchinskiy
рынок,0.6299999999999955,9.375000000000002,7.440476190476193,Sergey Nemchinskiy
автомашин,0.5099999999999909,11.458333333333334,14.374999999999998,Sergey Nemchinskiy
киев,0.36000000000001364,8.333333333333334,14.880952380952378,Sergey Nemchinskiy
куда,0.21000000000003638,11.979166666666668,18.75,Sergey Nemchinskiy
деваться,0.38999999999998636,5.357142857142856,11.904761904761903,Sergey Nemchinskiy
собирается,0.5400000000000205,7.765151515151514,14.015151515151517,Sergey Nemchinskiy
которых,0.44999999999998863,9.953703703703704,15.740740740740739,Sergey Nemchinskiy
вообще,0.5399999999999636,19.444444444444446,15.624999999999996,Sergey Nemchinskiy
вообще,0.31406300000003284,58.68055555555556,13.88888888888889,Sergey Nemchinskiy
вообще,0.2400000000000091,17.187500000000004,18.75,Sergey Nemchinskiy
вообще,0.2102940000000899,50.0,15.972222222222223,Sergey Nemchinskiy
программирования,0.75,10.807291666666666,13.802083333333334,Sergey Nemchinskiy
основной,0.38999999999998636,8.333333333333332,7.142857142857142,Sergey Nemchinskiy
основной,0.44374100000004546,10.87962962962963,15.972222222222221,Sergey Nemchinskiy
инструмент,0.47999999999996135,9.791666666666666,11.875000000000002,Sergey Nemchinskiy
подборочка,0.7200000000000273,8.072916666666668,15.104166666666668,Sergey Nemchinskiy
где-нибудь,0.3900000000000432,7.738095238095237,12.5,Sergey Nemchinskiy
натворить,0.5100000000000477,9.46969696969697,21.022727272727266,Sergey Nemchinskiy
первую,0.2699999999999818,12.083333333333332,39.583333333333336,Sergey Nemchinskiy
сидят,0.38238300000000436,13.802083333333334,19.270833333333336,Sergey Nemchinskiy
над,0.14999999999997726,14.583333333333334,8.333333333333332,Sergey Nemchinskiy
потом,0.23999999999995225,4.687499999999999,39.0625,Sergey Nemchinskiy
потом,0.2699999999999818,7.083333333333333,21.25,Sergey Nemchinskiy
конечно,0.3299999999999841,12.152777777777777,21.52777777777778,Sergey Nemchinskiy
самая,0.2699999999999818,9.375000000000002,16.145833333333336,Sergey Nemchinskiy
распространённая,0.660000000000025,12.63888888888889,20.416666666666664,Sergey Nemchinskiy
у,0.029999999999972715,-0.0,-0.0,Sergey Nemchinskiy
у,0.060000000000002274,-0.0,-0.0,Sergey Nemchinskiy
него,0.30000000000001137,23.333333333333332,13.750000000000002,Sergey Nemchinskiy
хрена,0.38999999999998636,14.880952380952378,13.988095238095239,Sergey Nemchinskiy
весьма,0.2699999999999818,14.583333333333332,15.833333333333332,Sergey Nemchinskiy
распространён,0.5699999999999932,23.95833333333333,19.791666666666664,Sergey Nemchinskiy
огромное,0.4199999999999591,26.157407407407412,25.0,Sergey Nemchinskiy
могут,0.30000000000001137,13.541666666666666,10.76388888888889,Sergey Nemchinskiy
использоваться,0.75,10.294117647058822,11.27450980392157,Sergey Nemchinskiy
такое,0.43620099999998274,9.953703703703704,18.287037037037035,Sergey Nemchinskiy
такое,0.23999999999995225,23.437500000000004,11.979166666666668,Sergey Nemchinskiy
самое,0.27000000000003865,19.166666666666664,20.833333333333332,Sergey Nemchinskiy
касается,0.5999999999999659,11.37820512820513,12.820512820512823,Sergey Nemchinskiy
касается,0.5400000000000205,7.812499999999998,9.895833333333336,Sergey Nemchinskiy
знаете,0.27000000000003865,10.416666666666668,9.583333333333334,Sergey Nemchinskiy
ты,0.12000000000000455,33.33333333333333,16.666666666666664,Sergey Nemchinskiy
ты,0.18000000000006366,11.458333333333332,23.958333333333332,Sergey Nemchinskiy
знаешь,0.20999999999997954,18.229166666666664,15.625,Sergey Nemchinskiy
знаешь,0.21489299999996092,13.194444444444445,9.722222222222223,Sergey Nemchinskiy
знаешь,0.4499999999999318,10.833333333333332,7.916666666666668,Sergey Nemchinskiy
принципов,0.6299999999999955,15.922619047619053,19.791666666666664,Sergey Nemchinskiy
бы,0.1500000000000341,4.166666666666666,11.458333333333334,Sergey Nemchinskiy
быстро,0.30000000000001137,9.583333333333332,13.750000000000002,Sergey Nemchinskiy
добавить,0.38999999999998636,10.15625,19.010416666666668,Sergey Nemchinskiy
перспектив,0.5099999999999909,9.28030303030303,16.85606060606061,Sergey Nemchinskiy
этому,0.30000000000001137,8.333333333333334,15.833333333333336,Sergey Nemchinskiy
каждая,0.30000000000001137,20.138888888888886,14.23611111111111,Sergey Nemchinskiy
рассказал,0.5399999999999636,16.85606060606061,21.21212121212121,Sergey Nemchinskiy
будут,0.36000000000001364,42.5595238095238,13.392857142857142,Sergey Nemchinskiy
будут,0.2699999999999818,10.416666666666668,10.416666666666668,Sergey Nemchinskiy
будут,0.20999999999997954,9.722222222222223,21.527777777777775,Sergey Nemchinskiy
будут,0.18000000000006366,7.638888888888888,9.722222222222223,Sergey Nemchinskiy
перейдут,0.3299999999999841,19.04761904761905,17.85714285714286,Sergey Nemchinskiy
другой,0.3299999999999841,8.333333333333332,8.680555555555557,Sergey Nemchinskiy
другой,0.30000000000001137,26.38888888888889,12.5,Sergey Nemchinskiy
другой,0.2699999999999818,21.25,32.916666666666664,Sergey Nemchinskiy
другой,0.2999999999999545,9.027777777777777,14.583333333333332,Sergey Nemchinskiy
другой,0.2400000000000091,9.895833333333334,19.791666666666668,Sergey Nemchinskiy
возможно,0.57000000000005,9.027777777777777,9.54861111111111,Sergey Nemchinskiy
вдруг,0.2400000000000091,8.854166666666668,11.458333333333332,Sergey Nemchinskiy
окажется,0.38999999999998636,8.928571428571429,8.035714285714286,Sergey Nemchinskiy
какой-то,0.36000000000001364,20.535714285714285,27.083333333333336,Sergey Nemchinskiy
больше,0.38999999999998636,20.53571428571429,36.904761904761905,Sergey Nemchinskiy
больше,0.3299999999999841,40.97222222222223,23.958333333333336,Sergey Nemchinskiy
больше,0.36000000000001364,8.333333333333334,18.45238095238095,Sergey Nemchinskiy
больше,0.2999999999999545,20.486111111111107,16.319444444444446,Sergey Nemchinskiy
больше,0.2999999999999545,10.069444444444443,14.236111111111112,Sergey Nemchinskiy
больше,0.2699999999999818,9.166666666666668,26.250000000000007,Sergey Nemchinskiy
больше,0.2999999999999545,6.250000000000002,8.75,Sergey Nemchinskiy
их,0.12000000000000455,4.166666666666666,6.25,Sergey Nemchinskiy
их,0.2699999999999818,45.833333333333336,22.395833333333336,Sergey Nemchinskiy
требования,0.4800000000000182,23.958333333333336,12.916666666666668,Sergey Nemchinskiy
они,0.14999999999997726,4.166666666666666,10.416666666666668,Sergey Nemchinskiy
они,0.14999999999997726,45.833333333333336,27.083333333333336,Sergey Nemchinskiy
они,0.12000000000000455,6.25,6.25,Sergey Nemchinskiy
скрипты,0.4027150000000006,15.624999999999996,9.375,Sergey Nemchinskiy
переписать,0.44999999999998863,10.879629629629628,25.0,Sergey Nemchinskiy
другое,0.42445300000002817,29.6875,17.447916666666668,Sergey Nemchinskiy
другое,0.2999999999999545,8.75,15.0,Sergey Nemchinskiy
перейти,0.36000000000001364,13.392857142857142,17.261904761904763,Sergey Nemchinskiy
перейти,0.2999999999999545,12.499999999999998,9.375,Sergey Nemchinskiy
гораздо,0.5272850000000062,28.40909090909091,46.21212121212122,Sergey Nemchinskiy
гораздо,0.3299999999999841,11.904761904761903,19.940476190476193,Sergey Nemchinskiy
гораздо,0.4200000000000159,11.574074074074073,33.333333333333336,Sergey Nemchinskiy
гораздо,0.39000000000010004,17.708333333333336,27.083333333333336,Sergey Nemchinskiy
проще,0.3900000000000432,32.03125,9.114583333333334,Sergey Nemchinskiy
одномоментно,0.6299999999999955,14.583333333333332,23.36309523809524,Sergey Nemchinskiy
выйдет,0.2999999999999545,19.791666666666664,24.999999999999996,Sergey Nemchinskiy
тащиться,0.4200000000000159,8.333333333333332,11.458333333333332,Sergey Nemchinskiy
гарантирую,0.5400000000000205,16.477272727272727,17.045454545454543,Sergey Nemchinskiy
просят,0.3299999999999841,17.361111111111114,18.402777777777775,Sergey Nemchinskiy
точно,0.30000000000001137,27.083333333333332,33.33333333333333,Sergey Nemchinskiy
хотя,0.2699999999999818,28.749999999999996,64.58333333333333,Sergey Nemchinskiy
них,0.18000000000000682,15.277777777777777,34.02777777777777,Sergey Nemchinskiy
них,0.14999999999997726,104.16666666666667,39.58333333333333,Sergey Nemchinskiy
ребята,0.38999999999998636,18.489583333333332,14.583333333333334,Sergey Nemchinskiy
работают,0.38999999999998636,10.15625,10.9375,Sergey Nemchinskiy
вижу,0.2400000000000091,45.833333333333336,25.520833333333332,Sergey Nemchinskiy
смысла,0.2999999999999545,11.805555555555557,11.111111111111112,Sergey Nemchinskiy
рынка,0.4199999999999591,17.36111111111111,12.037037037037036,Sergey Nemchinskiy
просто,0.2400000000000091,26.5625,15.104166666666666,Sergey Nemchinskiy
звучит,0.4499999999999318,9.166666666666668,12.916666666666668,Sergey Nemchinskiy
серьёзным,0.5099999999999909,9.090909090909092,17.8030303030303,Sergey Nemchinskiy
делом,0.2699999999999818,9.895833333333334,21.354166666666664,Sergey Nemchinskiy
занимаешься,0.5699999999999363,15.224358974358973,18.108974358974358,Sergey Nemchinskiy
отличие,0.3000000000000682,10.416666666666666,28.749999999999996,Sergey Nemchinskiy
сдаёт,0.3000000000000682,15.625,10.76388888888889,Sergey Nemchinskiy
позиции,0.5099999999999909,5.833333333333333,8.541666666666666,Sergey Nemchinskiy
меньше,0.29677699999990637,9.166666666666666,20.416666666666668,Sergey Nemchinskiy
разговор,0.3811520000000428,10.416666666666666,20.238095238095237,Sergey Nemchinskiy
многих,0.2739839999999276,7.5,15.0,Sergey Nemchinskiy
первому,0.32999999999992724,12.79761904761905,33.035714285714285,Sergey Nemchinskiy
нафига,0.4500000000000455,51.157407407407405,16.435185185185183,Sergey Nemchinskiy
тебе,0.14999999999997726,37.5,12.5,Sergey Nemchinskiy
различных,0.4033590000000231,8.072916666666666,9.375,Sergey Nemchinskiy
стороны,0.2999999999999545,25.833333333333336,15.416666666666668,Sergey Nemchinskiy
проблема,0.4800000000000182,8.958333333333334,8.125,Sergey Nemchinskiy
синтаксис,0.4800000000000182,13.333333333333334,14.791666666666666,Sergey Nemchinskiy
синтаксис,0.4800000000000182,28.54166666666667,10.208333333333334,Sergey Nemchinskiy
похож,0.5399999999999636,16.477272727272727,14.772727272727273,Sergey Nemchinskiy
могу,0.2099999999999227,22.22222222222222,19.444444444444446,Sergey Nemchinskiy
могу,0.2099999999999227,16.666666666666668,9.375,Sergey Nemchinskiy
заниматься,0.4499999999999318,11.342592592592592,12.73148148148148,Sergey Nemchinskiy
пофиг,0.36000000000001364,9.523809523809524,8.630952380952381,Sergey Nemchinskiy
заменит,0.5099999999999909,11.363636363636363,21.022727272727277,Sergey Nemchinskiy
свои,0.2700000000000955,11.666666666666666,32.083333333333336,Sergey Nemchinskiy
наработки,0.4199999999999591,11.71875,16.145833333333336,Sergey Nemchinskiy
никак,0.2699999999999818,12.083333333333332,19.583333333333336,Sergey Nemchinskiy
никак,0.2400000000000091,6.25,19.791666666666664,Sergey Nemchinskiy
выбросили,0.5099999999999909,38.82575757575758,29.356060606060602,Sergey Nemchinskiy
моё,0.14999999999997726,43.75,25.0,Sergey Nemchinskiy
моё,0.2699999999999818,60.416666666666664,38.54166666666667,Sergey Nemchinskiy
предположение,0.6299999999999955,10.26785714285714,13.988095238095239,Sergey Nemchinskiy
честное,0.36000000000001364,11.607142857142858,15.77380952380952,Sergey Nemchinskiy
слово,0.2400000000000091,6.25,18.75,Sergey Nemchinskiy
живого,0.4199999999999591,11.979166666666668,11.718750000000002,Sergey Nemchinskiy
допросить,0.4499999999999318,10.185185185185185,18.98148148148148,Sergey Nemchinskiy
следует,0.32999999999992724,12.152777777777777,25.34722222222222,Sergey Nemchinskiy
пока,0.21000000000003638,7.8125,22.916666666666664,Sergey Nemchinskiy
получилось,0.5099999999999909,12.083333333333332,27.70833333333333,Sergey Nemchinskiy
выступить,0.4500000000000455,15.972222222222223,46.52777777777778,Sergey Nemchinskiy
надеюсь,0.6000000000000227,8.012820512820513,10.897435897435896,Sergey Nemchinskiy
личное,0.2699999999999818,41.25,41.666666666666664,Sergey Nemchinskiy
отношение,0.38999999999998636,15.624999999999996,8.59375,Sergey Nemchinskiy
языку,0.38999999999998636,7.03125,5.989583333333334,Sergey Nemchinskiy
норм,0.4199999999999591,49.21875,35.41666666666666,Sergey Nemchinskiy
норм,0.39000000000010004,14.322916666666668,26.822916666666664,Sergey Nemchinskiy
норм,0.3000000000000682,12.916666666666664,27.500000000000004,Sergey Nemchinskiy
мне,0.2400000000000091,48.43750000000001,10.9375,Sergey Nemchinskiy
скобок,0.38999999999998636,48.958333333333336,28.125000000000007,Sergey Nemchinskiy
скажу,0.32999999999992724,10.416666666666668,9.375,Sergey Nemchinskiy
ничего,0.18000000000006366,6.25,18.75,Sergey Nemchinskiy
кому-то,0.3300000000000409,19.791666666666664,11.805555555555554,Sergey Nemchinskiy
кому-то,0.2999999999999545,11.666666666666666,8.75,Sergey Nemchinskiy
нравится,0.38999999999998636,46.875,17.447916666666664,Sergey Nemchinskiy
нравится,0.4199999999999591,8.333333333333332,32.870370370370374,Sergey Nemchinskiy
сам,0.3000000000000682,9.722222222222221,17.361111111111114,Sergey Nemchinskiy
себе,0.3000000000000682,5.555555555555555,10.416666666666668,Sergey Nemchinskiy
тошноты,0.41499899999996614,22.22222222222222,18.055555555555554,Sergey Nemchinskiy
вызывает,0.57000000000005,14.930555555555555,19.444444444444446,Sergey Nemchinskiy
развивается,0.599999999999909,37.980769230769226,17.307692307692307,Sergey Nemchinskiy
пришёл,0.330838999999969,11.805555555555554,11.805555555555557,Sergey Nemchinskiy
скале,0.3891609999999446,9.375000000000002,12.760416666666668,Sergey Nemchinskiy
долгое,0.57000000000005,7.465277777777778,9.54861111111111,Sergey Nemchinskiy
окей,0.2999999999999545,26.25,32.916666666666664,Sergey Nemchinskiy
собираетесь,0.4500000000000455,15.740740740740744,29.398148148148145,Sergey Nemchinskiy
выбирать,0.4799999999999045,6.875000000000001,26.875,Sergey Nemchinskiy
все-таки,0.3000000000000682,11.25,19.166666666666664,Sergey Nemchinskiy
выберите,0.4499999999999318,12.5,28.47222222222222,Sergey Nemchinskiy
какую,0.2400000000000091,14.0625,20.833333333333332,Sergey Nemchinskiy
профессию,0.6000000000000227,13.62179487179487,38.30128205128205,Sergey Nemchinskiy
профессию,0.4500000000000455,7.87037037037037,12.731481481481483,Sergey Nemchinskiy
хороший,0.38255100000003495,23.80952380952381,26.785714285714285,Sergey Nemchinskiy
сначала,0.33421100000009574,20.238095238095237,38.095238095238095,Sergey Nemchinskiy
определяем,0.4199999999999591,11.979166666666668,17.708333333333336,Sergey Nemchinskiy
как-то,0.2430980000000318,10.9375,39.0625,Sergey Nemchinskiy
подписывайтесь,0.6299999999999955,11.75595238095238,22.321428571428577,Sergey Nemchinskiy
ставьте,0.2999999999999545,7.638888888888889,11.11111111111111,Sergey Nemchinskiy
лайки,0.5099999999999909,8.958333333333334,14.583333333333332,Sergey Nemchinskiy
комментарии,0.5099999999999909,9.28030303030303,13.636363636363635,Sergey Nemchinskiy
лучше,0.2699999999999818,33.75,36.24999999999999,Sergey Nemchinskiy
приходите,0.36000000000001364,11.904761904761905,14.583333333333332,Sergey Nemchinskiy
учиться,0.36000000000001364,14.583333333333334,27.083333333333332,Sergey Nemchinskiy
учебные,0.3239899999999807,21.875,29.166666666666668,Sergey Nemchinskiy
курсы,0.2699999999999818,36.45833333333333,12.5,Sergey Nemchinskiy
